"ID","Description","GeneRatio","BgRatio","RichFactor","FoldEnrichment","zScore","pvalue","p.adjust","qvalue","geneID","Count"
"GO:0099503","secretory vesicle","13/573","174/26913",0.0747126436781609,3.50914725883132,4.89745671789239,0.0000967461810488191,0.00977136428593073,0.00947094193425282,"AT1G45201/AT1G55265/AT2G43510/AT3G04720/AT3G12500/AT3G14067/AT4G11290/AT4G16260/AT4G19810/AT4G30530/AT5G28540/AT5G42020/AT5G43060",13
