"ID","Description","GeneRatio","BgRatio","RichFactor","FoldEnrichment","zScore","pvalue","p.adjust","qvalue","geneID","Count"
"GO:0045298","tubulin complex","5/470","13/26913",0.384615384615385,22.0237315875614,10.1081550015729,0.00000182313998760213,0.000249770178301492,0.000209181324893297,"AT1G04820/AT1G50010/AT4G14960/AT4G20890/AT5G23860",5
"GO:0048046","apoplast","16/470","334/26913",0.0479041916167665,2.74307555102561,4.27352923923981,0.000291764335431817,0.0199858569770794,0.0167380592431937,"AT1G06680/AT1G09310/AT1G26560/AT1G41830/AT2G15620/AT2G38540/AT2G45470/AT3G14210/AT3G54400/AT4G12880/AT4G38740/AT4G39330/AT5G18860/AT5G20630/AT5G38430/AT5G44580",16
