"ID","Description","GeneRatio","BgRatio","RichFactor","FoldEnrichment","zScore","pvalue","p.adjust","qvalue","geneID","Count"
"GO:0099503","secretory vesicle","14/676","174/26913",0.0804597701149425,3.20327484186901,4.68015208887862,0.000135858210016259,0.0106206038246378,0.0104242057453771,"AT1G07080/AT1G11910/AT1G29660/AT1G45201/AT1G55265/AT2G38540/AT3G04720/AT3G12500/AT3G14067/AT3G49110/AT4G11290/AT4G16260/AT4G29260/AT4G30530",14
"GO:0016602","CCAAT-binding factor complex","5/676","21/26913",0.238095238095238,9.479078613694,6.2393019722536,0.000143521673305916,0.0106206038246378,0.0104242057453771,"AT3G05690/AT3G14020/AT4G14540/AT5G06510/AT5G47640",5
