"ID","Description","GeneRatio","BgRatio","RichFactor","FoldEnrichment","zScore","pvalue","p.adjust","qvalue","geneID","Count"
"GO:0099503","secretory vesicle","14/571","174/26913",0.0804597701149425,3.79231837671357,5.44043525792907,0.000022396872828338,0.00304597470465397,0.00278192736183567,"AT1G12360/AT1G30720/AT1G75040/AT2G17520/AT2G43570/AT3G04720/AT3G45970/AT3G57260/AT3G58750/AT4G16260/AT4G30270/AT5G43060/AT5G48485/AT5G57655",14
