"ID","Description","GeneRatio","BgRatio","RichFactor","FoldEnrichment","zScore","pvalue","p.adjust","qvalue","geneID","Count"
"GO:0009539","photosystem II reaction center","4/490","10/26913",0.4,21.9697959183673,9.03178961669612,0.0000208954853181007,0.00355223250407712,0.00329928715548959,"ATCG00070/ATCG00080/ATCG00300/ATCG00690",4
"GO:0045252","oxoglutarate dehydrogenase complex","4/490","13/26913",0.307692307692308,16.8998430141287,7.80851299175885,0.0000681169643496584,0.00578994196972096,0.00537765508023619,"AT1G21400/AT1G55510/AT3G13450/AT5G09300",4
"GO:0009523","photosystem II","6/490","44/26913",0.136363636363636,7.48970315398887,5.86685538790973,0.000138701009057322,0.00705601988128384,0.00655357883710573,"AT1G06680/ATCG00070/ATCG00080/ATCG00270/ATCG00300/ATCG00690",6
"GO:0045239","tricarboxylic acid cycle heteromeric enzyme complex","4/490","16/26913",0.25,13.7311224489796,6.93672902716438,0.000166023997206679,0.00705601988128384,0.00655357883710573,"AT1G21400/AT1G55510/AT3G13450/AT5G09300",4
"GO:0045240","alpha-ketoacid dehydrogenase complex","4/490","20/26913",0.2,10.9848979591837,6.08301612275585,0.000417170873573697,0.0141838097015057,0.013173817060222,"AT1G21400/AT1G55510/AT3G13450/AT5G09300",4
"GO:0009521","photosystem","6/490","63/26913",0.0952380952380952,5.23090379008746,4.578373762468,0.000998183503855218,0.0282818659425645,0.0262679869435584,"AT1G06680/ATCG00070/ATCG00080/ATCG00270/ATCG00300/ATCG00690",6
